id;name;thumbnail_name;mime_type;thumbnail_path;download_path;thumbnail_download_path;upload_date;path;document_size
1;invoice Tanzanian;Fantastic a;Gourde hacking;Leone Salvador Corse;Afghani;b;2022-12-22T23:08:52;Chicken grey pricing;71103
2;program fault-tolerant;Dollar;white;c Cambridgeshire;sensor Account;Money copy;2022-12-23T15:46:22;back;30136
3;bi-directional;24/7 Cheese Borders;payment orchid;Pataca;bricks-and-clicks d'Assas bluetooth;up Health;2022-12-23T05:02:11;primary;58648
4;Account b;Checking dynamic;Savings Bretagne;Zambian a;deposit;Jamaïque;2022-12-23T06:38:19;Tugrik Bike;7871
5;calculate Bretagne;solid Concrete;Shirt Sleek;payment;b Industrial Unbranded;Plastic deposit;2022-12-22T20:32:46;Investment experiences Superviseur;11611
6;grid-enabled c toolset;Music;Movies;front-end up;Centre Books Card;turquoise Tools transparent;2022-12-23T06:41:37;superstructure;94999
7;foreground a incentivize;interfaces;transmitter;synthesize capacitor;context-sensitive;alarm;2022-12-23T09:58:47;engine Chicken back-end;3197
8;Right-sized Buckinghamshire Fresh;harness;Dinar Nord-Pas-de-Calais;Executif connecting;optical withdrawal;Moroccan;2022-12-23T01:42:47;Developpeur Limousin program;89406
9;system;port index navigate;parse;Ergonomic Metal navigating;motivating Bénin Card;Buckinghamshire;2022-12-23T00:51:01;GB PCI azure;42373
10;line multi-byte quantifying;Bahreïn Incredible IB;Clothing open-source;bluetooth;Handmade;infomediaries Cheese success;2022-12-22T19:19:48;redefine Clothing quantifying;86053
