id;numero;numero_envoi;date_depot;date_envoi;type_demendeur;profession;nature;statut;date_derniere_modif;commentaire;nom;prenom;telephone;c_in;raison_social;i_ce;num_rc;i_f;num_affiliation
1;system distributed Tugrik;bypass synthesizing haptic;2022-12-23T03:59:19;2022-12-23T12:35:36;XSS;Intuitive;Aquitaine;Cotton Stagiaire parse;2022-12-23T09:08:45;open-source Auto Midi-Pyrénées;Fresh;Borders;+33 745776278;Incredible d'Argenteuil;c motivating Synchronised;Bedfordshire;d'Assas Cambridgeshire backing;feed innovative systems;backing
2;Saussaies;invoice;2022-12-23T05:23:01;2022-12-23T04:01:19;deposit Bedfordshire;optical;Shirt Soft;Car;2022-12-23T08:48:56;incentivize Account;XSS c;GB;+33 495119122;Pants digital Fish;benchmark microchip;Shoes indexing a;XSS markets;Kuwaiti Intelligent b;Uruguay e-commerce gold
3;Specialiste Mouffetard;mesh;2022-12-23T14:06:52;2022-12-23T10:50:15;Buckinghamshire alarm;Account transmit;Fantastic Bourgogne;value-added Avon;2022-12-23T00:39:16;Languedoc-Roussillon Reverse-engineered Table;Small solid web-readiness;Beauty;0369940891;content-based;SCSI Frozen Decentralized;Producteur;Buckinghamshire alliance protocol;bandwidth;Handcrafted Administrateur
4;purple;generating Buckinghamshire;2022-12-23T03:24:21;2022-12-22T18:58:16;Handmade a primary;Loan salmon methodical;a Refined;payment Producteur;2022-12-22T19:25:59;program Bénin;Alsace;transmitter;0120686540;Dobra;Cheese a;Metal;scale;b;Garden
5;Architecte synthesize;input;2022-12-23T03:50:19;2022-12-23T00:41:48;USB;Caumartin;Buckinghamshire digital;deposit;2022-12-22T20:23:57;Soft;Ingenieur navigate Loan;Pizza;+33 685288293;Handcrafted;parallelism;Concrete disintermediate Bolivie;Multi-channelled Tools;Savings;models Royale
6;navigating Movies;c Monitored European;2022-12-23T09:57:52;2022-12-23T10:50:30;transmitter;payment Berkshire;du Tasty Provence-Alpes-Côte;Developpeur;2022-12-23T06:17:39;migration;1080p;deposit;+33 480904920;Cambridgeshire sensor;Slovaquie Manager;Borders;b grow dot-com;Handcrafted Hat;granular value-added
7;Lettonie a calculate;Buckinghamshire Stagiaire hacking;2022-12-23T18:24:15;2022-12-23T02:53:49;navigating content;la Automotive Kuna;bypass;communities Auvergne;2022-12-23T05:39:28;Steel deposit;Oberkampf digital Midi-Pyrénées;Re-engineered;+33 369188186;methodical Steel transmitting;mobile;Ergonomic Wooden;Ingenieur;Haïti;Bacon communities
8;Languedoc-Roussillon c;synergize Superviseur zero;2022-12-23T03:29:54;2022-12-23T04:02:21;overriding;Loan;deposit;up Agent;2022-12-23T11:56:10;c Auto;Generic harness Nord-Pas-de-Calais;d'Abbeville;+33 299163827;Table Stand-alone visionary;Account system-worthy;Plastic Koweït République;transmitting zero;scalable;Laos
9;virtual;RAM b Card;2022-12-23T09:11:22;2022-12-22T20:23:20;Berkshire;c generating c;Buckinghamshire Home;Borders;2022-12-23T04:38:35;Cotton Dollar;gold;Centre matrices;+33 409602642;Dollar;Birmanie transmitter;Superviseur Cheese;Rupee Singapore maximize;a;Coordinateur
10;Salad synergies;SMTP Account b;2022-12-23T14:46:50;2022-12-23T08:42:12;context-sensitive;deposit invoice override;connect Coordinateur;Baby;2022-12-23T14:55:26;b Frozen Borders;yellow;Administrateur;0733021631;content;digital;Pays withdrawal Account;France Graphic;methodologies customized;reboot Metal Chili
